<addon id="plugin.video.hianime"
       name="HiAnime"
       version="1.0.0"
       provider-name="Acentyr">
  <requires>
    <import addon="xbmc.python" version="3.0.0"/>
  </requires>
  <extension point="xbmc.python.pluginsource" library="default.py">
    <provides>video</provides>
  </extension>
  <extension point="xbmc.addon.metadata">
    <summary>Stream Anime from HiAnime</summary>
    <description>Stream trending, airing, and latest episodes using the HiAnime API.</description>
    <platform>all</platform>
  </extension>
</addon>
